threshold,tp,fp,fn,precision,recall,f2
0.0,76,1,0,0.987,1.0,0.9974
0.0038,59,1,17,0.9833,0.7763,0.8104
0.0075,39,1,37,0.975,0.5132,0.5669
0.0113,15,1,61,0.9375,0.1974,0.2344
0.0151,5,1,71,0.8333,0.0658,0.0806
0.0189,5,1,71,0.8333,0.0658,0.0806
0.0226,4,0,72,1.0,0.0526,0.0649
0.0264,3,0,73,1.0,0.0395,0.0489
0.0302,3,0,73,1.0,0.0395,0.0489
0.0339,3,0,73,1.0,0.0395,0.0489
0.0377,3,0,73,1.0,0.0395,0.0489
0.0415,3,0,73,1.0,0.0395,0.0489
0.0452,3,0,73,1.0,0.0395,0.0489
0.049,3,0,73,1.0,0.0395,0.0489
0.0528,3,0,73,1.0,0.0395,0.0489
0.0565,2,0,74,1.0,0.0263,0.0327
0.0603,2,0,74,1.0,0.0263,0.0327
0.0641,2,0,74,1.0,0.0263,0.0327
0.0678,2,0,74,1.0,0.0263,0.0327
0.0716,2,0,74,1.0,0.0263,0.0327
0.0754,2,0,74,1.0,0.0263,0.0327
0.0792,2,0,74,1.0,0.0263,0.0327
0.0829,2,0,74,1.0,0.0263,0.0327
0.0867,2,0,74,1.0,0.0263,0.0327
0.0905,2,0,74,1.0,0.0263,0.0327
0.0942,2,0,74,1.0,0.0263,0.0327
0.098,2,0,74,1.0,0.0263,0.0327
0.1018,2,0,74,1.0,0.0263,0.0327
0.1055,2,0,74,1.0,0.0263,0.0327
0.1093,2,0,74,1.0,0.0263,0.0327
0.1131,2,0,74,1.0,0.0263,0.0327
0.1168,2,0,74,1.0,0.0263,0.0327
0.1206,2,0,74,1.0,0.0263,0.0327
0.1244,1,0,75,1.0,0.0132,0.0164
0.1281,1,0,75,1.0,0.0132,0.0164
0.1319,1,0,75,1.0,0.0132,0.0164
0.1357,1,0,75,1.0,0.0132,0.0164
0.1395,1,0,75,1.0,0.0132,0.0164
0.1432,1,0,75,1.0,0.0132,0.0164
0.147,1,0,75,1.0,0.0132,0.0164
0.1508,1,0,75,1.0,0.0132,0.0164
0.1545,1,0,75,1.0,0.0132,0.0164
0.1583,1,0,75,1.0,0.0132,0.0164
0.1621,1,0,75,1.0,0.0132,0.0164
0.1658,1,0,75,1.0,0.0132,0.0164
0.1696,1,0,75,1.0,0.0132,0.0164
0.1734,1,0,75,1.0,0.0132,0.0164
0.1771,1,0,75,1.0,0.0132,0.0164
0.1809,1,0,75,1.0,0.0132,0.0164
0.1847,1,0,75,1.0,0.0132,0.0164
0.1884,1,0,75,1.0,0.0132,0.0164
0.1922,1,0,75,1.0,0.0132,0.0164
0.196,1,0,75,1.0,0.0132,0.0164
0.1998,1,0,75,1.0,0.0132,0.0164
0.2035,1,0,75,1.0,0.0132,0.0164
0.2073,1,0,75,1.0,0.0132,0.0164
0.2111,1,0,75,1.0,0.0132,0.0164
0.2148,1,0,75,1.0,0.0132,0.0164
0.2186,1,0,75,1.0,0.0132,0.0164
0.2224,1,0,75,1.0,0.0132,0.0164
0.2261,1,0,75,1.0,0.0132,0.0164
0.2299,1,0,75,1.0,0.0132,0.0164
0.2337,1,0,75,1.0,0.0132,0.0164
0.2374,1,0,75,1.0,0.0132,0.0164
0.2412,1,0,75,1.0,0.0132,0.0164
0.245,1,0,75,1.0,0.0132,0.0164
0.2487,1,0,75,1.0,0.0132,0.0164
0.2525,1,0,75,1.0,0.0132,0.0164
0.2563,1,0,75,1.0,0.0132,0.0164
0.2601,1,0,75,1.0,0.0132,0.0164
0.2638,1,0,75,1.0,0.0132,0.0164
0.2676,1,0,75,1.0,0.0132,0.0164
0.2714,1,0,75,1.0,0.0132,0.0164
0.2751,1,0,75,1.0,0.0132,0.0164
0.2789,1,0,75,1.0,0.0132,0.0164
0.2827,1,0,75,1.0,0.0132,0.0164
0.2864,1,0,75,1.0,0.0132,0.0164
0.2902,1,0,75,1.0,0.0132,0.0164
0.294,1,0,75,1.0,0.0132,0.0164
0.2977,1,0,75,1.0,0.0132,0.0164
0.3015,1,0,75,1.0,0.0132,0.0164
0.3053,1,0,75,1.0,0.0132,0.0164
0.309,1,0,75,1.0,0.0132,0.0164
0.3128,1,0,75,1.0,0.0132,0.0164
0.3166,1,0,75,1.0,0.0132,0.0164
0.3204,1,0,75,1.0,0.0132,0.0164
0.3241,1,0,75,1.0,0.0132,0.0164
0.3279,1,0,75,1.0,0.0132,0.0164
0.3317,1,0,75,1.0,0.0132,0.0164
0.3354,1,0,75,1.0,0.0132,0.0164
0.3392,1,0,75,1.0,0.0132,0.0164
0.343,1,0,75,1.0,0.0132,0.0164
0.3467,1,0,75,1.0,0.0132,0.0164
0.3505,1,0,75,1.0,0.0132,0.0164
0.3543,1,0,75,1.0,0.0132,0.0164
0.358,1,0,75,1.0,0.0132,0.0164
0.3618,1,0,75,1.0,0.0132,0.0164
0.3656,1,0,75,1.0,0.0132,0.0164
0.3694,1,0,75,1.0,0.0132,0.0164
0.3731,1,0,75,1.0,0.0132,0.0164
0.3769,1,0,75,1.0,0.0132,0.0164
0.3807,1,0,75,1.0,0.0132,0.0164
0.3844,1,0,75,1.0,0.0132,0.0164
0.3882,1,0,75,1.0,0.0132,0.0164
0.392,1,0,75,1.0,0.0132,0.0164
0.3957,1,0,75,1.0,0.0132,0.0164
0.3995,1,0,75,1.0,0.0132,0.0164
0.4033,1,0,75,1.0,0.0132,0.0164
0.407,1,0,75,1.0,0.0132,0.0164
0.4108,1,0,75,1.0,0.0132,0.0164
0.4146,1,0,75,1.0,0.0132,0.0164
0.4183,1,0,75,1.0,0.0132,0.0164
0.4221,1,0,75,1.0,0.0132,0.0164
0.4259,1,0,75,1.0,0.0132,0.0164
0.4297,1,0,75,1.0,0.0132,0.0164
0.4334,1,0,75,1.0,0.0132,0.0164
0.4372,1,0,75,1.0,0.0132,0.0164
0.441,1,0,75,1.0,0.0132,0.0164
0.4447,1,0,75,1.0,0.0132,0.0164
0.4485,1,0,75,1.0,0.0132,0.0164
0.4523,1,0,75,1.0,0.0132,0.0164
0.456,1,0,75,1.0,0.0132,0.0164
0.4598,1,0,75,1.0,0.0132,0.0164
0.4636,1,0,75,1.0,0.0132,0.0164
0.4673,1,0,75,1.0,0.0132,0.0164
0.4711,1,0,75,1.0,0.0132,0.0164
0.4749,1,0,75,1.0,0.0132,0.0164
0.4786,1,0,75,1.0,0.0132,0.0164
0.4824,1,0,75,1.0,0.0132,0.0164
0.4862,1,0,75,1.0,0.0132,0.0164
0.49,1,0,75,1.0,0.0132,0.0164
0.4937,1,0,75,1.0,0.0132,0.0164
0.4975,1,0,75,1.0,0.0132,0.0164
0.5013,1,0,75,1.0,0.0132,0.0164
0.505,1,0,75,1.0,0.0132,0.0164
0.5088,1,0,75,1.0,0.0132,0.0164
0.5126,1,0,75,1.0,0.0132,0.0164
0.5163,1,0,75,1.0,0.0132,0.0164
0.5201,1,0,75,1.0,0.0132,0.0164
0.5239,1,0,75,1.0,0.0132,0.0164
0.5276,1,0,75,1.0,0.0132,0.0164
0.5314,1,0,75,1.0,0.0132,0.0164
0.5352,1,0,75,1.0,0.0132,0.0164
0.5389,1,0,75,1.0,0.0132,0.0164
0.5427,1,0,75,1.0,0.0132,0.0164
0.5465,1,0,75,1.0,0.0132,0.0164
0.5503,1,0,75,1.0,0.0132,0.0164
0.554,1,0,75,1.0,0.0132,0.0164
0.5578,1,0,75,1.0,0.0132,0.0164
0.5616,1,0,75,1.0,0.0132,0.0164
0.5653,1,0,75,1.0,0.0132,0.0164
0.5691,1,0,75,1.0,0.0132,0.0164
0.5729,1,0,75,1.0,0.0132,0.0164
0.5766,1,0,75,1.0,0.0132,0.0164
0.5804,1,0,75,1.0,0.0132,0.0164
0.5842,1,0,75,1.0,0.0132,0.0164
0.5879,1,0,75,1.0,0.0132,0.0164
0.5917,1,0,75,1.0,0.0132,0.0164
0.5955,1,0,75,1.0,0.0132,0.0164
0.5992,1,0,75,1.0,0.0132,0.0164
0.603,1,0,75,1.0,0.0132,0.0164
0.6068,1,0,75,1.0,0.0132,0.0164
0.6106,1,0,75,1.0,0.0132,0.0164
0.6143,1,0,75,1.0,0.0132,0.0164
0.6181,1,0,75,1.0,0.0132,0.0164
0.6219,1,0,75,1.0,0.0132,0.0164
0.6256,1,0,75,1.0,0.0132,0.0164
0.6294,1,0,75,1.0,0.0132,0.0164
0.6332,1,0,75,1.0,0.0132,0.0164
0.6369,1,0,75,1.0,0.0132,0.0164
0.6407,1,0,75,1.0,0.0132,0.0164
0.6445,1,0,75,1.0,0.0132,0.0164
0.6482,1,0,75,1.0,0.0132,0.0164
0.652,1,0,75,1.0,0.0132,0.0164
0.6558,1,0,75,1.0,0.0132,0.0164
0.6595,1,0,75,1.0,0.0132,0.0164
0.6633,1,0,75,1.0,0.0132,0.0164
0.6671,1,0,75,1.0,0.0132,0.0164
0.6709,1,0,75,1.0,0.0132,0.0164
0.6746,1,0,75,1.0,0.0132,0.0164
0.6784,1,0,75,1.0,0.0132,0.0164
0.6822,1,0,75,1.0,0.0132,0.0164
0.6859,1,0,75,1.0,0.0132,0.0164
0.6897,1,0,75,1.0,0.0132,0.0164
0.6935,1,0,75,1.0,0.0132,0.0164
0.6972,1,0,75,1.0,0.0132,0.0164
0.701,1,0,75,1.0,0.0132,0.0164
0.7048,1,0,75,1.0,0.0132,0.0164
0.7085,1,0,75,1.0,0.0132,0.0164
0.7123,1,0,75,1.0,0.0132,0.0164
0.7161,1,0,75,1.0,0.0132,0.0164
0.7198,1,0,75,1.0,0.0132,0.0164
0.7236,1,0,75,1.0,0.0132,0.0164
0.7274,1,0,75,1.0,0.0132,0.0164
0.7312,1,0,75,1.0,0.0132,0.0164
0.7349,1,0,75,1.0,0.0132,0.0164
0.7387,1,0,75,1.0,0.0132,0.0164
0.7425,1,0,75,1.0,0.0132,0.0164
0.7462,1,0,75,1.0,0.0132,0.0164
0.75,1,0,75,1.0,0.0132,0.0164
