inj_seed,column,anomaly_rate,shift_pct,model,precision,recall,f1,f2,n_synthetic,n_caught,n_missed,missed_rate,n_extra_flags,extra_flag_rate,n_pos,n_neg,recall_pos,recall_neg
7,initialDemandOutturn,0.01,0.1,LOF,0.2738,0.5227,0.3594,0.4423,88,46,42,0.4773,122,0.014,43,45,0.2791,0.7556
7,initialTransmissionSystemDemandOutturn,0.01,0.1,ECOD,0.2081,0.4659,0.2877,0.3734,88,41,47,0.5341,156,0.0178,48,40,0.4583,0.475
7,initialDemandOutturn,0.01,0.2,ECOD,0.49,0.5568,0.5213,0.542,88,49,39,0.4432,51,0.0058,43,45,0.4419,0.6667
7,initialTransmissionSystemDemandOutturn,0.01,0.2,ECOD,0.4306,0.7045,0.5345,0.625,88,62,26,0.2955,82,0.0094,48,40,0.6458,0.775
7,initialDemandOutturn,0.01,0.3,ECOD,0.6442,0.7614,0.6979,0.7346,88,67,21,0.2386,37,0.0042,43,45,0.6977,0.8222
7,initialTransmissionSystemDemandOutturn,0.01,0.3,ECOD,0.8052,0.7045,0.7515,0.7226,88,62,26,0.2955,15,0.0017,48,40,0.625,0.8
7,initialDemandOutturn,0.01,0.4,ECOD,0.9315,0.7727,0.8447,0.8,88,68,20,0.2273,5,0.0006,43,45,0.6977,0.8444
7,initialTransmissionSystemDemandOutturn,0.01,0.4,ECOD,0.8,0.8636,0.8306,0.8501,88,76,12,0.1364,19,0.0022,48,40,0.7708,0.975
7,initialDemandOutturn,0.01,0.5,ECOD,0.9722,0.7955,0.875,0.8255,88,70,18,0.2045,2,0.0002,43,45,0.6977,0.8889
7,initialTransmissionSystemDemandOutturn,0.01,0.5,ECOD,0.8913,0.9318,0.9111,0.9234,88,82,6,0.0682,10,0.0011,48,40,0.875,1.0
7,initialDemandOutturn,0.02,0.1,IForest,0.2225,0.4915,0.3063,0.3958,177,87,90,0.5085,304,0.0351,85,92,0.4471,0.5326
7,initialTransmissionSystemDemandOutturn,0.02,0.1,IForest,0.2525,0.5763,0.3511,0.4586,177,102,75,0.4237,302,0.0349,82,95,0.4634,0.6737
7,initialDemandOutturn,0.02,0.2,IForest,0.3465,0.791,0.4819,0.6295,177,140,37,0.209,264,0.0305,85,92,0.7294,0.8478
7,initialTransmissionSystemDemandOutturn,0.02,0.2,IForest,0.3799,0.8136,0.518,0.6624,177,144,33,0.1864,235,0.0272,82,95,0.7561,0.8632
7,initialDemandOutturn,0.02,0.3,ECOD,0.6605,0.8023,0.7245,0.7692,177,142,35,0.1977,73,0.0084,85,92,0.7176,0.8804
7,initialTransmissionSystemDemandOutturn,0.02,0.3,IForest,0.4952,0.8701,0.6311,0.7556,177,154,23,0.1299,157,0.0181,82,95,0.7927,0.9368
7,initialDemandOutturn,0.02,0.4,ECOD,0.6824,0.8983,0.7756,0.8448,177,159,18,0.1017,74,0.0086,85,92,0.8353,0.9565
7,initialTransmissionSystemDemandOutturn,0.02,0.4,ECOD,0.5804,0.9379,0.7171,0.835,177,166,11,0.0621,120,0.0139,82,95,0.8659,1.0
7,initialDemandOutturn,0.02,0.5,ECOD,0.8587,0.8927,0.8753,0.8857,177,158,19,0.1073,26,0.003,85,92,0.8118,0.9674
7,initialTransmissionSystemDemandOutturn,0.02,0.5,ECOD,0.7124,0.9379,0.8098,0.882,177,166,11,0.0621,67,0.0077,82,95,0.8659,1.0
7,initialDemandOutturn,0.05,0.1,IForest,0.2109,0.7172,0.326,0.4846,442,317,125,0.2828,1186,0.1414,216,226,0.6991,0.7345
7,initialTransmissionSystemDemandOutturn,0.05,0.1,IForest,0.2216,0.7534,0.3424,0.509,442,333,109,0.2466,1170,0.1395,224,218,0.7009,0.8073
7,initialDemandOutturn,0.05,0.2,IForest,0.3896,0.8778,0.5396,0.7019,442,388,54,0.1222,608,0.0725,216,226,0.7917,0.9602
7,initialTransmissionSystemDemandOutturn,0.05,0.2,ECOD,0.3776,0.81,0.5151,0.6591,442,358,84,0.19,590,0.0703,224,218,0.7366,0.8853
7,initialDemandOutturn,0.05,0.3,IForest,0.4756,0.9253,0.6283,0.7782,442,409,33,0.0747,451,0.0538,216,226,0.8565,0.9912
7,initialTransmissionSystemDemandOutturn,0.05,0.3,ECOD,0.4877,0.8959,0.6316,0.7674,442,396,46,0.1041,416,0.0496,224,218,0.8259,0.9679
7,initialDemandOutturn,0.05,0.4,HBOS,0.6195,0.9321,0.7444,0.8467,442,412,30,0.0679,253,0.0302,216,226,0.8796,0.9823
7,initialTransmissionSystemDemandOutturn,0.05,0.4,HBOS,0.6602,0.9276,0.7714,0.8581,442,410,32,0.0724,211,0.0252,224,218,0.875,0.9817
7,initialDemandOutturn,0.05,0.5,IForest,0.6211,0.905,0.7366,0.8292,442,400,42,0.095,244,0.0291,216,226,0.8843,0.9248
7,initialTransmissionSystemDemandOutturn,0.05,0.5,HBOS,0.5712,0.9796,0.7217,0.8571,442,433,9,0.0204,325,0.0387,224,218,0.9688,0.9908
7,initialDemandOutturn,0.1,0.1,HBOS,0.3794,0.5787,0.4583,0.5237,883,511,372,0.4213,836,0.1052,428,455,0.5888,0.5692
7,initialTransmissionSystemDemandOutturn,0.1,0.1,HBOS,0.3853,0.5878,0.4655,0.5319,883,519,364,0.4122,828,0.1042,431,452,0.5731,0.6018
7,initialDemandOutturn,0.1,0.2,HBOS,0.5353,0.8165,0.6466,0.7389,883,721,162,0.1835,626,0.0788,428,455,0.8271,0.8066
7,initialTransmissionSystemDemandOutturn,0.1,0.2,HBOS,0.507,0.8618,0.6384,0.756,883,761,122,0.1382,740,0.0931,431,452,0.8538,0.8695
7,initialDemandOutturn,0.1,0.3,HBOS,0.5836,0.889,0.7047,0.8048,883,785,98,0.111,560,0.0705,428,455,0.9042,0.8747
7,initialTransmissionSystemDemandOutturn,0.1,0.3,HBOS,0.5921,0.9026,0.7151,0.8169,883,797,86,0.0974,549,0.0691,431,452,0.9002,0.9049
7,initialDemandOutturn,0.1,0.4,HBOS,0.7964,0.855,0.8247,0.8426,883,755,128,0.145,193,0.0243,428,455,0.8528,0.8571
7,initialTransmissionSystemDemandOutturn,0.1,0.4,HBOS,0.6154,0.9388,0.7435,0.8496,883,829,54,0.0612,518,0.0652,431,452,0.9443,0.9336
7,initialDemandOutturn,0.1,0.5,ECOD,0.8049,0.8641,0.8334,0.8516,883,763,120,0.1359,185,0.0233,428,455,0.7967,0.9275
7,initialTransmissionSystemDemandOutturn,0.1,0.5,HBOS,0.6162,0.94,0.7444,0.8506,883,830,53,0.06,517,0.0651,431,452,0.9582,0.9226
7,initialDemandOutturn,0.2,0.1,ECOD,0.5,0.4915,0.4957,0.4932,1766,868,898,0.5085,868,0.1229,866,900,0.485,0.4978
7,initialTransmissionSystemDemandOutturn,0.2,0.1,ECOD,0.4775,0.4689,0.4731,0.4706,1766,828,938,0.5311,906,0.1283,875,891,0.4434,0.4938
7,initialDemandOutturn,0.2,0.2,ECOD,0.6609,0.6489,0.6549,0.6513,1766,1146,620,0.3511,588,0.0832,866,900,0.6005,0.6956
7,initialTransmissionSystemDemandOutturn,0.2,0.2,ECOD,0.6446,0.6336,0.6391,0.6358,1766,1119,647,0.3664,617,0.0873,875,891,0.5771,0.6891
7,initialDemandOutturn,0.2,0.3,ECOD,0.7572,0.7435,0.7503,0.7462,1766,1313,453,0.2565,421,0.0596,866,900,0.6859,0.7989
7,initialTransmissionSystemDemandOutturn,0.2,0.3,ECOD,0.7454,0.7327,0.739,0.7352,1766,1294,472,0.2673,442,0.0626,875,891,0.6766,0.7879
7,initialDemandOutturn,0.2,0.4,ECOD,0.799,0.7854,0.7921,0.7881,1766,1387,379,0.2146,349,0.0494,866,900,0.7425,0.8267
7,initialTransmissionSystemDemandOutturn,0.2,0.4,ECOD,0.7797,0.7758,0.7777,0.7766,1766,1370,396,0.2242,387,0.0548,875,891,0.7246,0.826
7,initialDemandOutturn,0.2,0.5,ECOD,0.8232,0.8092,0.8161,0.8119,1766,1429,337,0.1908,307,0.0435,866,900,0.7771,0.84
7,initialTransmissionSystemDemandOutturn,0.2,0.5,ECOD,0.8082,0.7945,0.8013,0.7972,1766,1403,363,0.2055,333,0.0471,875,891,0.7497,0.8384
